"proxy_address","requested_country","ipwho","ipapi","google"
"77.111.246.126:443","AM","Sweden (SE)","United States (US)","en-RU"
"77.111.246.28:443","AM","United States (US)","United States (US)","en-RU"
"77.111.246.33:443","AM","Sweden (SE)","United States (US)","en-RU"
"77.111.246.41:443","AM","Sweden (SE)","United States (US)","en-RU"
"77.111.246.42:443","AM","Sweden (SE)","United States (US)","en-RU"
"77.111.246.43:443","AM","Sweden (SE)","United States (US)","en-RU"
"77.111.246.50:443","AM","Sweden (SE)","United States (US)","en-RU"
"77.111.246.55:443","AM","Sweden (SE)","United States (US)","en-RU"
"77.111.246.57:443","AM","Sweden (SE)","United States (US)","en-RU"
"77.111.246.61:443","AM","Sweden (SE)","United States (US)","en-RU"
"77.111.246.62:443","AM","United States (US)","United States (US)","en-RU"
"77.111.246.64:443","AM","United States (US)","United States (US)","en-RU"
"77.111.245.10:443","AS","Singapore (SG)","Sweden (SE)","en-SG"
"77.111.245.11:443","AS","Singapore (SG)","Sweden (SE)","en-SG"
"77.111.245.12:443","AS","Singapore (SG)","Sweden (SE)","en-SG"
"77.111.245.13:443","AS","Singapore (SG)","Sweden (SE)","en-RU"
"77.111.245.14:443","AS","Singapore (SG)","Sweden (SE)","en-RU"
"77.111.245.15:443","AS","Singapore (SG)","Sweden (SE)","en-RU"
"77.111.245.16:443","AS","Singapore (SG)","Sweden (SE)","en-RU"
"77.111.245.17:443","AS","Singapore (SG)","Sweden (SE)","en-RU"
"77.111.247.214:443","EU","Sweden (SE)","Sweden (SE)","en-NL"
"77.111.247.215:443","EU","Sweden (SE)","Sweden (SE)","en-NL"
"77.111.247.44:443","EU","Sweden (SE)","Sweden (SE)","en-NL"
"77.111.247.46:443","EU","Sweden (SE)","Sweden (SE)","en-NL"
"77.111.247.62:443","EU","Sweden (SE)","Sweden (SE)","en-NL"
"77.111.247.75:443","EU","Sweden (SE)","Sweden (SE)","en-NL"
"77.111.247.76:443","EU","Sweden (SE)","Sweden (SE)","en-NL"
"77.111.247.77:443","EU","Sweden (SE)","Sweden (SE)","en-NL"
"77.111.247.8:443","EU","Sweden (SE)","Sweden (SE)","en-NL"
"77.111.247.82:443","EU","Sweden (SE)","Sweden (SE)","en-NL"
